<configuration>
  <appender name="STDOUT" class="ch.qos.logback.core.ConsoleAppender">
    <encoder>
      <pattern>%d{HH:mm:ss.SSS} [%thread] %-5level %logger{36} - %msg%n</pattern>
    </encoder>
  </appender>
  <logger name="org.apache.solr" level="INFO" additivity="false">
    <appender-ref ref="STDOUT" />
  </logger>
  <logger name="com.sindicetech.siren" level="INFO" additivity="false">
    <appender-ref ref="STDOUT" />
  </logger>
  <root level="OFF">
    <appender-ref ref="STDOUT" />
  </root>
</configuration>